feature_id,name,feature_type,latitude,longitude,flood_risk
node/4610458627,Army Medical Facility,hospital,19.0260761,73.029474,True
node/7048131904,Surya Hospital and Iccu,hospital,19.0360934,73.0231659,True
way/563568594,Meenatai Thakre Hospital,hospital,19.0341449,73.0207568,True
way/563568595,Apeejay School - Nerul,school,19.0353262,73.0207326,True
way/569828892,Ryan International School - Nerul,school,19.0303659,73.028161,True
way/575838155,People's Education Society High School,school,19.0287882,73.0364138,True
way/596071800,SBOA Public School,school,19.039613,73.0254524,True
node/10572987747,,place_of_worship,19.0307459,73.0326963,True
node/10572987748,,place_of_worship,19.0303419,73.0327979,True
node/10618778100,,place_of_worship,19.0308103,73.0323924,True
node/10767421182,Sector 9 Hindu Temple,place_of_worship,19.0299055,73.0337838,True
way/353981507,Jama Masjid Nerul,place_of_worship,19.0346789,73.0205033,True
way/354016567,,place_of_worship,19.0322624,73.0239033,True
way/415984445,,place_of_worship,19.0352753,73.0214867,True
way/628548443,Dhamma Vipula Vipassana Meditation Center,place_of_worship,19.0279725,73.0326542,True
way/708010002,Ayyappa Mandir,place_of_worship,19.0364208,73.0242256,True
way/749128449,,place_of_worship,19.0368419,73.0237697,True
way/1150918871,,place_of_worship,19.0304296,73.0328219,True
way/1150918873,,place_of_worship,19.0307394,73.032728,True
way/1157815244,Sector 9 Hindu Temple,place_of_worship,19.029917,73.0337887,True
relation/5275080,Dhamma Vipula Vipassana Meditation Center,place_of_worship,19.0274498,73.0327411,True
way/353805061,Agarwal Corner,residential_building,19.0296568,73.0227431,True
way/354290739,Monil Cottage C.H.S,residential_building,19.0303169,73.0223834,True
way/1101607477,"DREAM APEX REALITY 24HIGH, NERUL",commercial_building,19.0390346,73.0300621,True
way/1451298670,Kamal House,commercial_building,19.0341437,73.0302983,True
node/4806873609,Vidyalankar Gurukul,building,19.033262,73.0218991,True
way/353416860,,building,19.0242871,73.0316951,True
way/353416861,,building,19.0283593,73.0306697,True
way/353416863,,building,19.0256615,73.032545,True
way/353416865,,building,19.024474,73.0312448,True
way/353416866,,building,19.0268223,73.032656,True
way/353416867,,building,19.025066,73.0317682,True
way/353416868,,building,19.0255165,73.0324571,True
way/353416870,,building,19.026663,73.0326453,True
way/353416871,,building,19.0265154,73.0323967,True
way/353416872,MTNL,building,19.0253234,73.0324036,True
way/353416874,,building,19.0248363,73.0317413,True
way/353416876,,building,19.02491,73.0315273,True
way/353416877,,building,19.0251064,73.0315983,True
way/353416878,,building,19.0275778,73.0304922,True
way/353416880,,building,19.0243888,73.0314789,True
way/353416884,,building,19.0253327,73.0319082,True
way/353416886,,building,19.0276303,73.0303224,True
way/353416889,,building,19.026624,73.0320934,True
way/353416893,,building,19.0283512,73.0309287,True
way/353416896,,building,19.0260928,73.0319786,True
way/353416900,,building,19.0249996,73.0323235,True
way/353416901,,building,19.025389,73.0318403,True
way/353416903,,building,19.0245046,73.0317575,True
way/353416905,,building,19.024869,73.032273,True
way/353416907,,building,19.02478,73.0318941,True
way/353416909,,building,19.0247294,73.0321907,True
way/353416910,,building,19.0263857,73.03268,True
way/353416912,,building,19.0245667,73.0321242,True
way/353416915,,building,19.0262495,73.0326991,True
way/353416922,,building,19.0256077,73.0328189,True
way/353416926,,building,19.028373,73.0304797,True
way/353416931,,building,19.0274888,73.030728,True
way/353416941,,building,19.0244159,73.0313663,True
way/353416948,,building,19.0254606,73.0316065,True
way/353426190,,building,19.03225,73.0280858,True
way/353426194,,building,19.032459,73.0282225,True
way/353426207,,building,19.0317857,73.0277767,True
way/353426211,,building,19.0314689,73.027208,True
way/353426213,,building,19.0302117,73.0296628,True
way/353426215,,building,19.0292631,73.0292471,True
way/353426218,,building,19.0273489,73.0287915,True
way/353426220,,building,19.0318661,73.0273455,True
way/353426222,,building,19.0298533,73.0298096,True
way/353426227,,building,19.0306232,73.0295799,True
way/353426230,,building,19.0310205,73.029501,True
way/353426234,,building,19.0266022,73.0287363,True
way/353426242,,building,19.026096,73.0291208,True
way/353426244,,building,19.0330612,73.0273296,True
way/353426245,,building,19.032204,73.0272785,True
way/353426246,,building,19.0333657,73.027336,True
way/353426247,,building,19.0327933,73.0273178,True
way/353426248,,building,19.032536,73.0272856,True
way/353426249,,building,19.0320081,73.0279263,True
way/353426250,,building,19.0325768,73.0277505,True
way/353426251,,building,19.0301211,73.0279849,True
way/353426252,,building,19.032834,73.0279243,True
way/353426259,,building,19.0266054,73.0296913,True
way/353426262,,building,19.0268061,73.0303401,True
way/353426265,,building,19.0259921,73.0295294,True
way/353426267,,building,19.0318423,73.0291975,True
way/353426270,,building,19.0265389,73.0298915,True
way/353426272,,building,19.0287961,73.0299987,True
way/353426274,,building,19.0258904,73.0299276,True
way/353426275,,building,19.0269909,73.0302175,True
way/353426276,,building,19.0270505,73.030033,True
way/353426278,,building,19.0265123,73.030079,True
way/353426280,,building,19.0279022,73.0291643,True
way/353426282,,building,19.0259403,73.0297437,True
way/353426284,,building,19.0274445,73.0296936,True
way/353426286,,building,19.0285965,73.0293413,True
way/353426288,,building,19.0292711,73.029744,True
way/353426290,,building,19.027166,73.0292371,True
way/353426293,,building,19.0328606,73.0276078,True
way/353426295,,building,19.0329843,73.0280631,True
way/353750531,,building,19.0250788,73.0294248,True
way/353750533,,building,19.0245066,73.0289311,True
way/353750537,,building,19.0254708,73.0295519,True
way/353750540,,building,19.0249358,73.0292487,True
way/353750542,,building,19.025337,73.0293514,True
way/353750544,,building,19.0245668,73.0286985,True
way/353750546,,building,19.025057,73.0290178,True
way/353750550,,building,19.0283311,73.0270963,True
way/353750553,,building,19.0268676,73.0270367,True
way/353750555,,building,19.0246841,73.0291536,True
way/353750558,,building,19.0254391,73.0291076,True
way/353750560,,building,19.0274369,73.0272275,True
way/353750563,,building,19.0279564,73.0270783,True
way/353750569,,building,19.0256578,73.0291123,True
way/353750571,,building,19.0273656,73.0269329,True
way/353750574,,building,19.0281439,73.0279579,True
way/353750577,,building,19.0256242,73.0284975,True
way/353750580,,building,19.025325,73.0286323,True
way/353750581,,building,19.0250228,73.0284491,True
way/353750582,,building,19.0273401,73.027749,True
way/353750583,,building,19.0276547,73.0236301,True
way/353750584,,building,19.027488,73.0236264,True
way/353750585,,building,19.0242317,73.0286563,True
way/353750586,,building,19.0243418,73.0293058,True
way/353750587,,building,19.0246864,73.0294296,True
way/353750588,,building,19.0245385,73.0293971,True
way/353750589,,building,19.027343,73.0235967,True
way/353750590,,building,19.0269227,73.0321937,True
way/353750591,,building,19.0271347,73.0235869,True
way/353750592,,building,19.0242962,73.0283955,True
way/353750593,,building,19.0268939,73.0235826,True
way/353750594,,building,19.0278104,73.0236541,True
way/353750595,,building,19.0252576,73.029547,True
way/353750596,,building,19.0253016,73.0289214,True
way/353750597,,building,19.0248091,73.0288263,True
way/353750598,,building,19.0256387,73.0292995,True
way/353760938,,building,19.024789,73.0330137,True
way/353760950,,building,19.0250755,73.033067,True
way/353760958,,building,19.0250824,73.0332308,True
way/353770040,,building,19.0388413,73.0261207,True
way/353770047,,building,19.0370335,73.0247977,True
way/353770048,,building,19.0353573,73.0282429,True
way/353770049,,building,19.0391636,73.0277569,True
way/353770050,,building,19.0383463,73.027844,True
way/353770051,,building,19.0388211,73.0266251,True
way/353770052,,building,19.0322404,73.0253188,True
way/353770053,,building,19.0374483,73.0277873,True
way/353770054,,building,19.0375138,73.023599,True
way/353770055,,building,19.0387058,73.0267598,True
way/353770056,,building,19.0321769,73.0255618,True
way/353770057,,building,19.0381123,73.0274416,True
way/353770058,,building,19.0320888,73.0260182,True
way/353770059,,building,19.0320399,73.0265907,True
way/353770060,,building,19.0378144,73.0233207,True
way/353770061,,building,19.0315017,73.0265706,True
way/353770062,,building,19.0317541,73.026912,True
way/353770063,,building,19.0390444,73.0270591,True
way/353770064,,building,19.0362484,73.0265099,True
way/353770065,,building,19.0322883,73.0247826,True
way/353770066,,building,19.0321213,73.0262767,True
way/353770067,,building,19.0379972,73.0229112,True
way/353770068,,building,19.0371308,73.02844,True
way/353770069,,building,19.0322125,73.0250372,True
way/353770070,,building,19.0363644,73.027608,True
way/353770071,,building,19.0330289,73.0252156,True
way/353770072,,building,19.0383112,73.0275514,True
way/353770073,,building,19.0380299,73.0277996,True
way/353770074,,building,19.0360044,73.0262076,True
way/353770075,,building,19.0313801,73.0261688,True
way/353770076,,building,19.038883,73.0264621,True
way/353770077,,building,19.0372366,73.0304606,True
way/353770078,,building,19.0366584,73.0284554,True
way/353770079,,building,19.0341175,73.0254179,True
way/353770080,,building,19.0337103,73.0250449,True
way/353770081,,building,19.0368748,73.0282344,True
way/353770082,,building,19.0317111,73.0261838,True
way/353770087,,building,19.0374326,73.0283688,True
way/353770088,,building,19.0385516,73.0269557,True
way/353770089,,building,19.0311728,73.0272063,True
way/353770090,,building,19.0390928,73.0274371,True
way/353770091,,building,19.0388281,73.0282301,True
way/353770092,,building,19.0348315,73.028084,True
way/353770093,,building,19.0378509,73.0277404,True
way/353770094,,building,19.0359635,73.0244269,True
way/353770095,,building,19.0353574,73.0288115,True
way/353770096,,building,19.0365708,73.0250962,True
way/353770097,,building,19.0312375,73.0260019,True
way/353770098,,building,19.0401547,73.0245129,True
way/353770099,,building,19.0362806,73.023919,True
way/353770100,,building,19.0361697,73.0253282,True
way/353770101,,building,19.0390623,73.0256924,True
way/353770104,,building,19.0368619,73.0251489,True
way/353770105,,building,19.0367207,73.025662,True
way/353770106,,building,19.0389283,73.025913,True
way/353770107,,building,19.0391778,73.0282122,True
way/353770108,,building,19.0360355,73.0243102,True
way/353770110,,building,19.0348322,73.0279072,True
way/353770111,,building,19.0361957,73.0241335,True
way/353770112,,building,19.0345682,73.02787,True
way/353770113,,building,19.0370413,73.0280716,True
way/353770114,,building,19.0347235,73.0279865,True
way/353770115,,building,19.039005,73.0282143,True
way/353770116,,building,19.0358829,73.0245293,True
way/353770118,,building,19.036519,73.0253455,True
way/353770120,,building,19.0369248,73.0253267,True
way/353770121,,building,19.0360436,73.0255527,True
way/353770122,,building,19.0392096,73.0258371,True
way/353770123,,building,19.0372047,73.0299301,True
way/353770124,,building,19.0364248,73.0268054,True
way/353770125,,building,19.0361058,73.0242227,True
way/353770126,,building,19.0369066,73.0266862,True
way/353770127,,building,19.037093,73.0254921,True
way/353770128,,building,19.0387986,73.0275887,True
way/353770130,,building,19.0364366,73.0248951,True
way/353770131,,building,19.0400156,73.0246222,True
way/353770132,,building,19.0387772,73.027874,True
way/353770133,,building,19.0377903,73.0281341,True
way/353770134,,building,19.0382695,73.0283508,True
way/353770135,,building,19.0380911,73.0283865,True
way/353770136,,building,19.0379405,73.0270568,True
way/353770137,,building,19.0373006,73.0239568,True
way/353770138,,building,19.0369614,73.0246785,True
way/353770139,,building,19.0363112,73.0266803,True
way/353770141,,building,19.0387904,73.0274169,True
way/353770142,,building,19.0379292,73.0282794,True
way/353770143,,building,19.0311608,73.026702,True
way/353770144,,building,19.0387162,73.0272445,True
way/353770145,,building,19.0375476,73.0275236,True
way/353770146,,building,19.0366261,73.0268694,True
way/353770147,,building,19.0367308,73.024541,True
way/353770148,,building,19.0402871,73.0243842,True
way/353770149,,building,19.0365333,73.0265522,True
way/353770150,,building,19.0376732,73.0273572,True
way/353770151,,building,19.0389692,73.0278795,True
way/353770152,,building,19.0368462,73.0272363,True
way/353770153,,building,19.0392996,73.0256427,True
way/353770154,,building,19.0386385,73.0271333,True
way/353770155,,building,19.038592,73.0282636,True
way/353770156,,building,19.0384109,73.0279816,True
way/353770157,,building,19.0384261,73.0283148,True
way/353770158,,building,19.0378512,73.0271921,True
way/353791717,,building,19.0310916,73.0228861,True
way/353791719,,building,19.0311875,73.0224663,True
way/353791724,,building,19.0328443,73.021648,True
way/353791725,,building,19.0326725,73.0250009,True
way/353791727,,building,19.0326617,73.0255182,True
way/353791730,,building,19.0329198,73.0212556,True
way/353791751,,building,19.0327702,73.0239759,True
way/353791754,,building,19.0323034,73.0234256,True
way/353791756,,building,19.0323984,73.021108,True
way/353791759,,building,19.0307284,73.026258,True
way/353791760,,building,19.0306612,73.0267611,True
way/353791762,,building,19.0325342,73.0209791,True
way/353791763,,building,19.0326892,73.0226072,True
way/353791765,,building,19.0303848,73.0246076,True
way/353791768,,building,19.0355996,73.0224474,True
way/353791769,,building,19.0389258,73.024454,True
way/353791771,,building,19.0313319,73.0227051,True
way/353791775,,building,19.0343113,73.0242731,True
way/353791778,,building,19.0342295,73.0207765,True
way/353791781,,building,19.0383726,73.0238505,True
way/353791783,,building,19.0308382,73.0258149,True
way/353791787,,building,19.0334912,73.0233844,True
way/353791790,,building,19.030075,73.0247923,True
way/353791795,,building,19.0328915,73.0228227,True
way/353791796,,building,19.0324553,73.0224749,True
way/353791798,,building,19.0334986,73.0207793,True
way/353791802,,building,19.0386135,73.0229877,True
way/353791805,,building,19.0326198,73.0213849,True
way/353791810,,building,19.0379088,73.0238438,True
way/353791812,,building,19.0338927,73.0238939,True
way/353791815,,building,19.0386264,73.0234548,True
way/353791828,,building,19.0341519,73.0231331,True
way/353791830,,building,19.0345304,73.0238526,True
way/353791831,,building,19.0295633,73.0263577,True
way/353791833,,building,19.0321305,73.0210338,True
way/353791836,,building,19.0330013,73.0221927,True
way/353791838,,building,19.0399507,73.0237145,True
way/353791839,,building,19.0355981,73.0245034,True
way/353791840,,building,19.0355455,73.0241304,True
way/353791841,,building,19.0342095,73.0240762,True
way/353791842,,building,19.032887,73.0231553,True
way/353791843,,building,19.0346845,73.0237085,True
way/353791848,,building,19.0346824,73.024683,True
way/353791850,,building,19.0322867,73.0236508,True
way/353791851,,building,19.0348592,73.0235242,True
way/353791853,,building,19.0353483,73.024318,True
way/353791854,,building,19.0296231,73.0253788,True
way/353791858,,building,19.0341018,73.0234133,True
way/353791860,,building,19.0345369,73.023525,True
way/353791862,,building,19.0296312,73.0260411,True
way/353791863,,building,19.0326832,73.0206528,True
way/353791866,,building,19.0329138,73.0223105,True
way/353791867,,building,19.0351796,73.0244916,True
way/353791870,,building,19.0318526,73.021023,True
way/353791873,,building,19.0301381,73.0265713,True
way/353791876,,building,19.0331802,73.0248044,True
way/353791879,,building,19.0349216,73.0219577,True
way/353791880,,building,19.0342131,73.0222075,True
way/353791883,,building,19.0317061,73.0258596,True
way/353791885,,building,19.0332968,73.0236873,True
way/353791887,,building,19.0346416,73.0239477,True
way/353791888,,building,19.035684,73.0239807,True
way/353791890,,building,19.0309923,73.0250183,True
way/353791891,,building,19.0340002,73.0233219,True
way/353791893,,building,19.0342619,73.0232509,True
way/353791894,,building,19.033236,73.0232004,True
way/353791896,,building,19.029629,73.0261916,True
way/353791897,,building,19.0326296,73.0208659,True
way/353791900,,building,19.0350813,73.024376,True
way/353791903,,building,19.0301327,73.0263198,True
way/353791905,,building,19.0347591,73.0217185,True
way/353791906,,building,19.0358098,73.0238108,True
way/353791908,,building,19.0349577,73.0236216,True
way/353791911,,building,19.0331394,73.0239966,True
way/353791913,,building,19.034159,73.0227973,True
way/353791915,,building,19.0309598,73.0226495,True
way/353791918,,building,19.0318953,73.0249763,True
way/353791919,,building,19.0321958,73.020675,True
way/353791923,,building,19.030864,73.0246525,True
way/353791926,,building,19.0312824,73.0250909,True
way/353791929,,building,19.0300485,73.0259168,True
way/353791932,,building,19.0330587,73.0223873,True
way/353791934,,building,19.0340895,73.0239867,True
way/353791935,,building,19.0347898,73.0238025,True
way/353791939,,building,19.0386229,73.0224047,True
way/353791940,,building,19.0338556,73.0231691,True
way/353791944,,building,19.0321437,73.0208976,True
way/353791945,,building,19.0354422,73.0240319,True
way/353791948,,building,19.0303212,73.0256562,True
way/353791950,,building,19.0345483,73.021406,True
way/353791951,,building,19.0352314,73.0242008,True
way/353791953,,building,19.0333335,73.0212071,True
way/353791960,,building,19.0348064,73.0249015,True
way/353791961,,building,19.0332626,73.0203809,True
way/353791965,,building,19.0387059,73.0247366,True
way/353791968,,building,19.0301091,73.0253798,True
way/353791971,,building,19.0340127,73.0241945,True
way/353791972,,building,19.0386538,73.0242241,True
way/353791973,,building,19.0397811,73.0235525,True
way/353791975,,building,19.0351103,73.0253012,True
way/353791976,,building,19.0337019,73.0236537,True
way/353805012,Safal Ganga CHS,building,19.0306618,73.0231303,True
way/353805014,,building,19.0305568,73.0249313,True
way/353805026,,building,19.0379947,73.0258519,True
way/353805027,,building,19.0376531,73.0262422,True
way/353805028,,building,19.0303035,73.0232687,True
way/353805029,,building,19.0376633,73.0255315,True
way/353805030,,building,19.0319808,73.0213389,True
way/353805038,,building,19.0271004,73.0232913,True
way/353805042,,building,19.0302384,73.0225808,True
way/353805043,,building,19.0293502,73.0212343,True
way/353805044,,building,19.0292569,73.0237612,True
way/353805045,,building,19.02968,73.0238008,True
way/353805048,,building,19.0309474,73.0214531,True
way/353805049,,building,19.0300359,73.0233815,True
way/353805050,,building,19.0296841,73.0212411,True
way/353805051,,building,19.0278623,73.0231749,True
way/353805054,,building,19.0291257,73.0216174,True
way/353805059,,building,19.0276118,73.0231501,True
way/353805060,,building,19.0362044,73.0225701,True
way/353805063,,building,19.0299643,73.0223135,True
way/353805069,,building,19.0297165,73.0220784,True
way/353805078,,building,19.0317443,73.0213581,True
way/353805082,,building,19.0305222,73.0219987,True
way/353805088,,building,19.0298574,73.0214175,True
way/353805089,,building,19.0292809,73.0232159,True
way/353805095,,building,19.029459,73.022561,True
way/353805096,,building,19.0272217,73.0233327,True
way/353805097,,building,19.0294937,73.0218571,True
way/353805100,,building,19.0301466,73.0224658,True
way/353805101,,building,19.0293926,73.0210876,True
way/353805104,,building,19.0308704,73.0212856,True
way/353805105,,building,19.0307752,73.0215174,True
way/353805106,,building,19.0309192,73.0221741,True
way/353805110,,building,19.0290079,73.021751,True
way/353805111,,building,19.0306594,73.0219132,True
way/353805113,,building,19.0363165,73.0224568,True
way/353805115,,building,19.0300729,73.0222544,True
way/353805130,,building,19.0291142,73.0237445,True
way/353805132,,building,19.0304777,73.0222688,True
way/353805133,,building,19.0308376,73.0220437,True
way/353805135,,building,19.0296606,73.0216087,True
way/353805137,,building,19.0290036,73.0234841,True
way/353805141,,building,19.0289966,73.0215811,True
way/353805145,,building,19.0296021,73.0224836,True
way/353805146,,building,19.0276919,73.0233934,True
way/353805147,,building,19.029357,73.0217589,True
way/353805150,,building,19.0298924,73.0227324,True
way/353805153,,building,19.0275699,73.0225011,True
way/353805156,,building,19.0304057,73.0209142,True
way/353805157,,building,19.0305229,73.0216588,True
way/353805158,,building,19.0307066,73.0213881,True
way/353805160,,building,19.0288704,73.0220096,True
way/353805162,,building,19.0307765,73.0218609,True
way/353805164,,building,19.0295265,73.0237955,True
way/353805165,,building,19.0288713,73.0234579,True
way/353805166,,building,19.0301841,73.0221751,True
way/353805171,,building,19.0302939,73.0207762,True
way/353805176,,building,19.0278424,73.0233976,True
way/353805180,,building,19.0300291,73.0226986,True
way/353805182,,building,19.0289747,73.023739,True
way/353805183,,building,19.0305354,73.0207954,True
way/353805184,,building,19.0301036,73.0218684,True
way/353805186,,building,19.0305505,73.0223705,True
way/353805187,,building,19.0306497,73.0221705,True
way/353805189,,building,19.0297623,73.0215158,True
way/353805190,,building,19.0291463,73.021133,True
way/353805191,,building,19.0271838,73.022613,True
way/353805192,,building,19.028947,73.0218763,True
way/353805194,,building,19.0288776,73.0215551,True
way/353805197,,building,19.0297458,73.0224457,True
way/353805198,,building,19.0303004,73.0221423,True
way/353805201,,building,19.0292439,73.0221275,True
way/353805203,,building,19.0359839,73.0228059,True
way/353805206,,building,19.0274418,73.0224182,True
way/353805212,,building,19.0309077,73.0218047,True
way/353805215,,building,19.0293943,73.0237865,True
way/353805216,,building,19.0288921,73.0232511,True
way/353805218,,building,19.0299733,73.0230982,True
way/353805220,,building,19.0296248,73.0213996,True
way/353805221,,building,19.0277429,73.0231635,True
way/353805226,,building,19.0274474,73.0231582,True
way/353805227,,building,19.0299773,73.0225507,True
way/353805228,,building,19.0288306,73.023723,True
way/353805229,,building,19.0304301,73.0206679,True
way/353805230,,building,19.0299839,73.021953,True
way/353805231,,building,19.0303628,73.0225282,True
way/353805232,,building,19.03071,73.0223415,True
way/353805233,,building,19.0292945,73.0213601,True
way/353805235,,building,19.0290953,73.0212792,True
way/353805236,,building,19.0272661,73.0225079,True
way/353805242,,building,19.0310388,73.021755,True
way/353805244,,building,19.0287213,73.0215001,True
way/353805246,,building,19.029853,73.0223879,True
way/353805247,,building,19.0304081,73.0220592,True
way/353805253,,building,19.0360918,73.0226945,True
way/353805254,,building,19.036025,73.0304504,True
way/353805255,,building,19.0294228,73.0233667,True
way/353805259,,building,19.0273369,73.0223412,True
way/353805262,,building,19.0307092,73.0227715,True
way/353805271,,building,19.0302192,73.0230375,True
way/353805274,,building,19.0274673,73.0226411,True
way/353820745,,building,19.029927,73.0367436,True
way/353827641,,building,19.0272211,73.0230572,True
way/353827645,,building,19.0296228,73.0232443,True
way/353827649,,building,19.0269793,73.0230457,True
way/353827650,,building,19.0292215,73.0234749,True
way/353827652,,building,19.0300068,73.0237759,True
way/353827656,,building,19.0269459,73.0231858,True
way/353827659,,building,19.0294365,73.0231423,True
way/353827664,,building,19.028366,73.021977,True
way/353827665,,building,19.0290935,73.0232246,True
way/353827669,,building,19.0274583,73.0233536,True
way/353827671,,building,19.0304338,73.0238756,True
way/353827673,,building,19.029666,73.0235729,True
way/353827674,,building,19.0282201,73.0220296,True
way/353827678,,building,19.0301022,73.021246,True
way/353827679,,building,19.0270339,73.0229044,True
way/353827680,,building,19.0294702,73.0235508,True
way/353827684,,building,19.0301451,73.0237746,True
way/353827686,,building,19.0296365,73.0234358,True
way/353827688,,building,19.0287415,73.0220386,True
way/353827689,,building,19.0295811,73.0231086,True
way/353827690,,building,19.0269086,73.0233163,True
way/353981423,,building,19.0330884,73.0233984,True
way/353981424,,building,19.0330699,73.0230254,True
way/353981438,,building,19.0344694,73.0224779,True
way/353981450,,building,19.0363995,73.022767,True
way/353981462,,building,19.0351378,73.0232135,True
way/353981473,,building,19.0351446,73.0234055,True
way/353981482,,building,19.0365006,73.0226543,True
way/353981484,,building,19.0357413,73.0301168,True
way/353981487,,building,19.0352117,73.0231385,True
way/353981502,,building,19.0290043,73.0304914,True
way/353981504,,building,19.0350828,73.0238175,True
way/353981515,,building,19.0259887,73.0323325,True
way/353981517,,building,19.0335826,73.021525,True
way/353981526,,building,19.0326785,73.0230284,True
way/353981532,,building,19.0361678,73.0229913,True
way/353981539,,building,19.0334942,73.0216173,True
way/353981544,,building,19.0352445,73.0233115,True
way/353981552,,building,19.035036,73.0218029,True
way/353981559,,building,19.0376731,73.0302121,True
way/353981561,,building,19.0350542,73.0233007,True
way/353981570,,building,19.0379417,73.0297404,True
way/353981582,,building,19.0289786,73.0306965,True
way/353981583,,building,19.0349897,73.0239022,True
way/353981587,,building,19.0349751,73.0233754,True
way/353981593,,building,19.0347727,73.0208305,True
way/353981601,,building,19.0345653,73.020808,True
way/353981603,,building,19.0376798,73.029772,True
way/353981609,,building,19.0351769,73.021631,True
way/353988021,,building,19.0257759,73.0322208,True
way/353988023,,building,19.0277722,73.0280558,True
way/353988026,,building,19.0278267,73.0278849,True
way/353988029,,building,19.0287249,73.0374968,True
way/353988031,,building,19.0285117,73.0275161,True
way/353988040,,building,19.0355457,73.0220123,True
way/353988041,,building,19.0285124,73.0276734,True
way/353988042,,building,19.0285126,73.0278311,True
way/353988043,,building,19.0285151,73.0279951,True
way/353988044,,building,19.0278199,73.0275492,True
way/353988045,,building,19.0335504,73.0256367,True
way/353988046,,building,19.035947,73.0221089,True
way/353988048,Siddhi Vinayak CHS,building,19.0318514,73.0206931,True
way/353988049,,building,19.030102,73.036369,True
way/353988054,,building,19.0355652,73.023911,True
way/353988055,,building,19.033596,73.0217808,True
way/353988058,,building,19.0338921,73.022873,True
way/353988064,,building,19.0349062,73.0242375,True
way/353988065,,building,19.0362869,73.0228885,True
way/353988066,,building,19.0350749,73.0234846,True
way/353988068,,building,19.033357,73.0220502,True
way/353988069,,building,19.0339725,73.0230303,True
way/353988073,,building,19.027804,73.0366567,True
way/353988076,,building,19.0334439,73.0228316,True
way/353988077,,building,19.0368316,73.0232192,True
way/353988081,,building,19.0342913,73.0235785,True
way/353988082,,building,19.0352687,73.0235955,True
way/353988086,,building,19.0282272,73.0361662,True
way/353988087,,building,19.0342261,73.0217871,True
way/353988094,,building,19.0351576,73.0237297,True
way/353988096,,building,19.0347585,73.0230955,True
way/353988099,,building,19.0285691,73.0367914,True
way/353988100,,building,19.0337396,73.0230592,True
way/353988103,,building,19.0285432,73.028176,True
way/353988105,,building,19.0347978,73.0241514,True
way/353988107,,building,19.0359482,73.0235655,True
way/353988111,,building,19.0346941,73.023389,True
way/353988113,,building,19.0354052,73.0234916,True
way/353988114,,building,19.0350096,73.0225817,True
way/353988116,,building,19.0286727,73.0368976,True
way/353988118,,building,19.0346846,73.0227384,True
way/353988126,,building,19.0355091,73.0235721,True
way/353988127,,building,19.0340497,73.0227096,True
way/353988129,,building,19.0280783,73.0370687,True
way/353988136,,building,19.0343082,73.0229768,True
way/353988138,,building,19.0347355,73.021183,True
way/353988152,,building,19.0356283,73.023835,True
way/353988155,,building,19.02798,73.0369709,True
way/353988156,,building,19.0343808,73.0236877,True
way/353988157,,building,19.0349469,73.0215465,True
way/353988161,,building,19.0350575,73.0240349,True
way/353988165,,building,19.0292714,73.0374958,True
way/353988167,,building,19.0371986,73.0221939,True
way/353988170,,building,19.0333453,73.0224056,True
way/353988180,,building,19.034276,73.0226892,True
way/353988186,,building,19.0280957,73.0374483,True
way/353988188,,building,19.0336452,73.0222679,True
way/353988190,,building,19.0367296,73.023337,True
way/353988194,,building,19.0352297,73.0238887,True
way/353988195,,building,19.0293676,73.0376907,True
way/353988199,,building,19.0283587,73.0362383,True
way/353988203,,building,19.034436,73.0234156,True
way/353988205,,building,19.0356975,73.0237563,True
way/353988213,,building,19.0335614,73.0223451,True
way/353988216,,building,19.0367084,73.0229334,True
way/353988223,,building,19.0291542,73.0373275,True
way/353988230,,building,19.0354084,73.0237038,True
way/353988234,,building,19.030488,73.0255618,True
way/353988238,,building,19.0283408,73.0365789,True
way/353988243,,building,19.0335048,73.0224204,True
way/353988249,,building,19.0355287,73.0230959,True
way/353988253,,building,19.0355678,73.0216691,True
way/353988258,,building,19.0337562,73.0214218,True
way/353988259,,building,19.0345877,73.0232514,True
way/353988262,,building,19.02841,73.0372023,True
way/353988267,,building,19.0345754,73.022664,True
way/353988273,,building,19.034892,73.0240084,True
way/353988280,,building,19.0354725,73.0234029,True
way/353988287,,building,19.034821,73.0232231,True
way/353988293,,building,19.0275879,73.0274831,True
way/353988307,,building,19.0348892,73.0231432,True
way/353988309,,building,19.035584,73.0234956,True
way/353988313,,building,19.0278917,73.0367662,True
way/353988315,,building,19.0283191,73.037124,True
way/353988317,,building,19.0340532,73.0223865,True
way/353988318,,building,19.036938,73.0231065,True
way/353988322,,building,19.0344183,73.0230872,True
way/353988329,,building,19.0310965,73.0375795,True
way/353988356,,building,19.0356837,73.0218981,True
way/353988358,,building,19.0277672,73.02735,True
way/353988363,,building,19.0289787,73.0373102,True
way/353997822,,building,19.0358682,73.0225135,True
way/353997825,,building,19.03464,73.0210404,True
way/353997840,,building,19.0386032,73.0254,True
way/353997851,,building,19.0390057,73.0249278,True
way/353997860,,building,19.0299028,73.020823,True
way/353997872,,building,19.0300485,73.020965,True
way/353997880,,building,19.0324708,73.020252,True
way/353997888,,building,19.032779,73.0204852,True
way/353997891,,building,19.0380538,73.0250579,True
way/353997900,,building,19.0382828,73.0248628,True
way/353997906,,building,19.0304462,73.021521,True
way/353997930,,building,19.0301955,73.0210919,True
way/353997931,,building,19.0298491,73.0212088,True
way/353997945,,building,19.0331742,73.0303162,True
way/353997962,,building,19.0339213,73.0303004,True
way/354016522,,building,19.0388963,73.0226813,True
way/354016526,,building,19.0308497,73.0254429,True
way/354016527,,building,19.0304838,73.0229428,True
way/354016536,,building,19.0373256,73.0216269,True
way/354016544,,building,19.0371999,73.0215222,True
way/354016547,,building,19.0370957,73.0224701,True
way/354016553,,building,19.037321,73.0224995,True
way/354016555,,building,19.0344677,73.0244985,True
way/354016561,,building,19.0316335,73.0246914,True
way/354016563,,building,19.0384859,73.0222121,True
way/354016564,,building,19.0343721,73.0224009,True
way/354016572,,building,19.030683,73.0254221,True
way/354016580,,building,19.0387634,73.0225502,True
way/354016583,,building,19.0374272,73.0215266,True
way/354016587,,building,19.0372769,73.0214461,True
way/354016592,,building,19.0370027,73.0222778,True
way/354016600,,building,19.0324841,73.0227792,True
way/354016601,,building,19.0372842,73.0258371,True
way/354019818,,building,19.0314949,73.0215385,True
way/354019823,,building,19.0322847,73.022666,True
way/354019836,,building,19.0295267,73.021512,True
way/354019837,,building,19.0300002,73.021719,True
way/354019853,,building,19.0298767,73.0218016,True
way/354063661,,building,19.0268673,73.0274999,True
way/354063666,,building,19.0246485,73.0314479,True
way/354063670,,building,19.0252026,73.0314846,True
way/354063671,,building,19.0268314,73.0278084,True
way/354447670,,building,19.0358094,73.0306673,True
way/354449408,,building,19.0375347,73.0251512,True
way/356021309,,building,19.0284922,73.0378275,True
way/356190449,,building,19.030633,73.0381577,True
way/356190463,,building,19.0290842,73.0377957,True
way/356190509,,building,19.0291887,73.0379906,True
way/356190511,,building,19.0300045,73.0380528,True
way/356190520,,building,19.0289082,73.0377319,True
way/356190547,,building,19.0304545,73.0380589,True
way/356190551,,building,19.0302264,73.0383142,True
way/356190567,,building,19.0305691,73.0378668,True
way/356190579,,building,19.0301711,73.0381649,True
way/356190586,,building,19.0302399,73.0380851,True
way/356190601,,building,19.0300867,73.0379676,True
way/359762773,,building,19.03294,73.0237841,True
way/359762804,,building,19.0355613,73.024882,True
way/359762839,,building,19.035866,73.0229459,True
way/359762855,,building,19.0346338,73.0259381,True
way/359762866,,building,19.0332398,73.0277295,True
way/359762901,,building,19.0375253,73.0243072,True
way/359762902,,building,19.0327605,73.0283031,True
way/415943530,,building,19.032476,73.0204856,True
way/415943531,,building,19.0327263,73.0202727,True
way/415943534,,building,19.0331184,73.0216245,True
way/415944195,,building,19.0311139,73.0335935,True
way/415944196,,building,19.0313135,73.0337835,True
way/415944197,,building,19.0314592,73.0340975,True
way/415944198,,building,19.031159,73.0336416,True
way/415944199,,building,19.0314965,73.0341394,True
way/415944200,,building,19.0313347,73.0340024,True
way/415944201,,building,19.0314163,73.0340608,True
way/415944202,,building,19.0311332,73.0337865,True
way/415944203,,building,19.0314881,73.0336464,True
way/415944204,,building,19.0310729,73.0337282,True
way/415944205,,building,19.0315005,73.0339626,True
way/415944206,,building,19.0315666,73.0340453,True
way/415944207,,building,19.0314191,73.0335786,True
way/415944208,,building,19.031213,73.0338596,True
way/415944209,,building,19.0312381,73.0337109,True
way/415944210,,building,19.0313524,73.0338391,True
way/415944211,,building,19.0316243,73.0340731,True
way/415944212,,building,19.0314671,73.0339206,True
way/415944213,,building,19.0315718,73.0341967,True
way/415944214,,building,19.0312693,73.033747,True
way/415944215,,building,19.0315427,73.0341572,True
way/415944216,,building,19.0315299,73.0340099,True
way/415944217,,building,19.0311954,73.0336794,True
way/415944218,,building,19.0310087,73.033685,True
way/415944673,,building,19.0338896,73.0219177,True
way/415944674,,building,19.0314819,73.0255504,True
way/415944675,,building,19.0316178,73.0251038,True
way/415944676,,building,19.0334339,73.0216967,True
way/415944677,,building,19.0335375,73.0227304,True
way/415944678,,building,19.0332921,73.0226921,True
way/415944679,,building,19.0335704,73.0229212,True
way/415944680,,building,19.0344808,73.0257899,True
way/415944681,,building,19.0332031,73.0221949,True
way/415944682,,building,19.0336709,73.0225978,True
way/415944683,,building,19.0338248,73.0224372,True
way/415944684,,building,19.032453,73.023793,True
way/415944685,,building,19.033063,73.0221016,True
way/415944686,,building,19.0339488,73.0222875,True
way/415944687,,building,19.0335287,73.0237265,True
way/415944688,,building,19.0339491,73.0225135,True
way/415944689,,building,19.0336043,73.0226605,True
way/415944690,,building,19.0334038,73.0238613,True
way/415944691,,building,19.0338315,73.0226412,True
way/415944692,,building,19.0337259,73.0221753,True
way/415944693,,building,19.0336883,73.0228055,True
way/415944694,,building,19.0332118,73.0219208,True
way/415944696,,building,19.0337478,73.0225121,True
way/415944697,,building,19.0339038,73.0225614,True
way/415944698,,building,19.0341203,73.0221272,True
way/415944699,,building,19.0333829,73.0217571,True
way/415944700,,building,19.0318708,73.0254087,True
way/415944701,,building,19.0324645,73.023263,True
way/415944702,,building,19.0337589,73.0227149,True
way/415944703,,building,19.0317575,73.0256516,True
way/415944704,,building,19.0316853,73.0254985,True
way/415944705,,building,19.0324807,73.023966,True
way/415944706,,building,19.0321005,73.0269216,True
way/415944707,,building,19.0334018,73.0225334,True
way/415944708,,building,19.0332271,73.0225229,True
way/415944709,,building,19.0337956,73.0220895,True
way/415962391,,building,19.0272453,73.0295229,True
way/415962396,,building,19.0253268,73.0320897,True
way/415962397,,building,19.0270876,73.0296089,True
way/415962400,,building,19.0255218,73.0321557,True
way/415962411,,building,19.0247278,73.0280257,True
way/415962413,,building,19.0247075,73.0313091,True
way/415962415,,building,19.0246353,73.0281699,True
way/415962417,,building,19.0247655,73.0281991,True
way/415962420,,building,19.0255677,73.0319766,True
way/415962421,,building,19.0243357,73.0320711,True
way/415962422,,building,19.0244248,73.0321239,True
way/415962426,,building,19.025595,73.0282588,True
way/415962428,,building,19.0270812,73.0294543,True
way/415962430,,building,19.0242026,73.03116,True
way/415962433,,building,19.0254302,73.0321262,True
way/415962435,,building,19.0249345,73.0281119,True
way/415962439,,building,19.0246115,73.0283191,True
way/415962445,,building,19.0245769,73.0284495,True
way/415962446,,building,19.0252443,73.0320548,True
way/415962462,,building,19.0250631,73.0281451,True
way/415974833,,building,19.0297846,73.0354386,True
way/415974835,,building,19.0308988,73.0348678,True
way/415974837,,building,19.0312909,73.034405,True
way/415974839,,building,19.0303832,73.0345281,True
way/415974844,,building,19.0304274,73.0358708,True
way/415974846,,building,19.0304717,73.0354608,True
way/415974852,,building,19.0308547,73.0338072,True
way/415974855,,building,19.0301277,73.0347805,True
way/415974857,,building,19.0301403,73.0341274,True
way/415974859,,building,19.0294884,73.0349801,True
way/415974860,,building,19.029757,73.034453,True
way/415974864,,building,19.0303353,73.0359576,True
way/415974866,,building,19.0299326,73.0355871,True
way/415974868,,building,19.0301323,73.0342984,True
way/415974872,,building,19.029715,73.0349056,True
way/415974874,,building,19.0311855,73.0343022,True
way/415974876,,building,19.0310205,73.0344902,True
way/415974878,,building,19.030074,73.0357214,True
way/415974883,,building,19.0302595,73.035893,True
way/415974884,,building,19.0308514,73.0350203,True
way/415974885,,building,19.0305545,73.0352087,True
way/415974886,,building,19.0310568,73.0341917,True
way/415974887,,building,19.0303403,73.0355014,True
way/415974888,,building,19.0300492,73.0355209,True
way/415974889,,building,19.0313563,73.0342825,True
way/415974890,,building,19.0300991,73.0340887,True
way/415974892,,building,19.0296256,73.0351125,True
way/415974893,,building,19.0300491,73.0342191,True
way/415974894,,building,19.0307386,73.0336908,True
way/415974895,,building,19.0308719,73.0340174,True
way/415974897,,building,19.0307744,73.0349322,True
way/415974899,,building,19.0307043,73.0351542,True
way/415974901,,building,19.0295852,73.0350711,True
way/415974903,,building,19.0304787,73.0356353,True
way/415974904,,building,19.0299486,73.0354307,True
way/415974905,,building,19.0303892,73.0360265,True
way/415974906,,building,19.031229,73.0341636,True
way/415974907,,building,19.0293673,73.0350407,True
way/415974908,,building,19.0296322,73.034828,True
way/415974909,,building,19.0296809,73.035326,True
way/415974910,,building,19.0292061,73.0348739,True
way/415974911,,building,19.0292746,73.0347882,True
way/415974912,,building,19.0302198,73.0358558,True
way/415974915,,building,19.0306566,73.0346281,True
way/415974916,,building,19.030566,73.0357134,True
way/415974917,,building,19.0310479,73.0340001,True
way/415974918,,building,19.030912,73.0340578,True
way/415974919,,building,19.0311518,73.0340708,True
way/415974920,,building,19.0296255,73.0345896,True
way/415974922,,building,19.0297509,73.034728,True
way/415974923,,building,19.0294075,73.0349055,True
way/415974925,,building,19.0313306,73.0344393,True
way/415974926,,building,19.0304214,73.0345662,True
way/415974929,,building,19.0305818,73.0345601,True
way/415974930,,building,19.0299482,73.0341016,True
way/415974931,,building,19.0309158,73.0338515,True
way/415974933,,building,19.0308315,73.0353007,True
way/415974934,,building,19.0309877,73.03466,True
way/415974935,,building,19.0298641,73.0353395,True
way/415974937,,building,19.0312377,73.0343548,True
way/415974938,,building,19.0303407,73.0344844,True
way/415974939,,building,19.0311061,73.0347732,True
way/415974941,,building,19.0295293,73.0351895,True
way/415974942,,building,19.0306323,73.0356121,True
way/415974944,,building,19.0305916,73.0352426,True
way/415974945,,building,19.0301688,73.0343392,True
way/415974946,,building,19.0296546,73.0343369,True
way/415974947,,building,19.0300647,73.0356503,True
way/415974948,,building,19.0298607,73.0355174,True
way/415974949,,building,19.031422,73.0343433,True
way/415974950,,building,19.0306614,73.0353242,True
way/415974951,,building,19.0310129,73.0350104,True
way/415974952,,building,19.0306995,73.0353537,True
way/415974953,,building,19.0309245,73.0345807,True
way/415974954,,building,19.0302578,73.0357196,True
way/415974955,,building,19.0305828,73.0355587,True
way/415974956,,building,19.0302804,73.0342709,True
way/415974958,,building,19.030416,73.0355776,True
way/415974959,,building,19.0302914,73.0359274,True
way/415974960,,building,19.0302082,73.0343814,True
way/415974962,,building,19.0299769,73.0356205,True
way/415974963,,building,19.0312889,73.0342164,True
way/415974964,,building,19.0309321,73.0349168,True
way/415974965,,building,19.0296817,73.0348544,True
way/415974966,,building,19.031138,73.0342629,True
way/415974967,,building,19.0309577,73.0344556,True
way/415974968,,building,19.0303782,73.0358326,True
way/415974969,,building,19.0305107,73.0354923,True
way/415974970,,building,19.0298904,73.0345612,True
way/415974971,,building,19.0301853,73.0341628,True
way/415974975,,building,19.0311928,73.0341166,True
way/415974976,,building,19.0294084,73.0350709,True
way/415974977,,building,19.0298225,73.0347946,True
way/415974978,,building,19.0309571,73.0351387,True
way/415974979,,building,19.0305155,73.0349707,True
way/415974980,,building,19.0295978,73.034796,True
way/415974981,,building,19.0306383,73.0351071,True
way/415974982,,building,19.0299897,73.0354704,True
way/415974983,,building,19.0304739,73.0359124,True
way/415974984,,building,19.0304159,73.0354001,True
way/415974985,,building,19.0305054,73.0344839,True
way/415974986,,building,19.0298109,73.0344989,True
way/415974987,,building,19.0306218,73.0345937,True
way/415974988,,building,19.0299933,73.0341749,True
way/415974989,,building,19.0296774,73.0346502,True
way/415974991,,building,19.0306861,73.0348283,True
way/415974992,,building,19.0301873,73.0348423,True
way/415974993,,building,19.0295473,73.0347529,True
way/415974994,,building,19.0307668,73.0352244,True
way/415974995,,building,19.0294528,73.0349451,True
way/415974997,,building,19.0305234,73.035677,True
way/415974998,,building,19.0310298,73.0346994,True
way/415974999,,building,19.0299058,73.0353914,True
way/415975000,,building,19.0293258,73.0348212,True
way/415975004,,building,19.0293622,73.0348578,True
way/415975006,,building,19.0305397,73.0345239,True
way/415975008,,building,19.0311465,73.0348149,True
way/415975010,,building,19.0302992,73.0349624,True
way/415975012,,building,19.0295674,73.0352367,True
way/415975018,,building,19.0307727,73.0354255,True
way/415975020,,building,19.0295278,73.0350262,True
way/415975024,,building,19.030594,73.0357461,True
way/415975026,,building,19.0297933,73.03527,True
way/415975029,,building,19.0295447,73.0345032,True
way/415975031,,building,19.0308854,73.0350587,True
way/415975033,,building,19.0310694,73.0347349,True
way/415975041,,building,19.0306099,73.0355873,True
way/415975043,,building,19.0308153,73.0337713,True
way/415975045,,building,19.0303384,73.0343278,True
way/415975049,,building,19.030809,73.0349831,True
way/415975051,,building,19.0297383,73.0352076,True
way/415975058,,building,19.0307008,73.0346679,True
way/415975060,,building,19.0306245,73.0352901,True
way/415975063,,building,19.030979,73.0349646,True
way/415975065,,building,19.0300613,73.0340328,True
way/415975067,,building,19.029313,73.0349849,True
way/415975069,,building,19.0303193,73.035785,True
way/415975071,,building,19.0305503,73.0355211,True
way/415975074,,building,19.0296386,73.0352883,True
way/415975077,,building,19.0296539,73.0351397,True
way/415975084,,building,19.0301472,73.0357932,True
way/415975089,,building,19.0304654,73.034925,True
way/415975092,,building,19.0302486,73.034424,True
way/415975095,,building,19.0297265,73.0353885,True
way/415975098,,building,19.0292522,73.0349205,True
way/415975101,,building,19.0299599,73.0346368,True
way/415975106,,building,19.031364,73.0344927,True
way/415975108,,building,19.0294633,73.0351268,True
way/415975114,,building,19.0309846,73.0339386,True
way/415975116,,building,19.0304234,73.0350763,True
way/415975118,,building,19.0302263,73.0342068,True
way/415975120,,building,19.0301794,73.0356416,True
way/415984212,,building,19.0371284,73.0213923,True
way/415984214,,building,19.0364366,73.021736,True
way/415984219,,building,19.0360122,73.0223242,True
way/415984222,,building,19.0362011,73.0221291,True
way/415984224,,building,19.0356837,73.0226808,True
way/415984229,,building,19.0359789,73.0230328,True
way/415984230,,building,19.034946,73.0228693,True
way/415984233,,building,19.0361831,73.0208582,True
way/415984234,,building,19.0365368,73.0216056,True
way/415984236,,building,19.0364566,73.0213374,True
way/415984240,,building,19.0359482,73.0212943,True
way/415984244,,building,19.0344718,73.0228041,True
way/415984246,,building,19.0362848,73.0214601,True
way/415984250,,building,19.0368726,73.021438,True
way/415984252,,building,19.0348628,73.0229643,True
way/415984254,,building,19.0340326,73.0229442,True
way/415984256,,building,19.0365913,73.0215202,True
way/415984259,,building,19.0346343,73.0225805,True
way/415984261,,building,19.0339797,73.0215225,True
way/415984263,,building,19.0367632,73.0216353,True
way/415984265,,building,19.0344992,73.0220384,True
way/415984267,,building,19.034384,73.0219809,True
way/415984269,,building,19.0339893,73.0203929,True
way/415984271,,building,19.0365485,73.0211779,True
way/415984273,,building,19.034751,73.0226576,True
way/415984275,,building,19.036523,73.0229416,True
way/415984277,,building,19.0374047,73.0223514,True
way/415984283,,building,19.0364108,73.0211378,True
way/415984286,,building,19.0341584,73.0217471,True
way/415984290,,building,19.0366369,73.0234708,True
way/415984292,,building,19.0348062,73.0223933,True
way/415984294,,building,19.0375444,73.0223944,True
way/415984296,,building,19.0346787,73.0222824,True
way/415984300,,building,19.0345572,73.0221024,True
way/415984308,,building,19.0341051,73.0216894,True
way/415984310,,building,19.0365317,73.0213841,True
way/415984313,,building,19.0342556,73.022516,True
way/415984315,,building,19.0352508,73.0228547,True
way/415984317,Silent Valley Apts,building,19.0363833,73.0234612,True
way/415984319,,building,19.0375011,73.0222508,True
way/415984321,,building,19.0351002,73.0226868,True
way/415984323,,building,19.0361633,73.0214695,True
way/415984327,,building,19.034751,73.0223307,True
way/415984336,,building,19.0365288,73.0214803,True
way/415984338,,building,19.0341848,73.0225877,True
way/415984340,,building,19.035157,73.0227545,True
way/415984345,,building,19.0367609,73.0210931,True
way/415984349,,building,19.0363106,73.021039,True
way/415984351,,building,19.0343225,73.0219036,True
way/415984357,,building,19.0366008,73.0211356,True
way/415984359,,building,19.0361498,73.0212716,True
way/415984364,,building,19.0364676,73.0209852,True
way/415984367,,building,19.0372312,73.0226112,True
way/415984371,,building,19.034275,73.021857,True
way/415984375,,building,19.03647,73.0235235,True
way/415984377,,building,19.0366446,73.0211822,True
way/415984379,,building,19.0354086,73.0214822,True
way/415984381,,building,19.0360943,73.0216003,True
way/415984385,,building,19.0362768,73.0213394,True
way/415984387,,building,19.0374655,73.0225164,True
way/415984388,,building,19.036153,73.0211222,True
way/415984394,,building,19.0364895,73.0211503,True
way/415984396,,building,19.0340331,73.0216155,True
way/415984399,,building,19.0343503,73.0226127,True
way/415984401,,building,19.0354109,73.0229849,True
way/415984403,,building,19.0359855,73.0208204,True
way/415984406,,building,19.0363382,73.0231848,True
way/415984408,,building,19.0362878,73.0212524,True
way/415984410,,building,19.0373801,73.0226327,True
way/415984411,,building,19.0365762,73.0210074,True
way/415984414,,building,19.0364094,73.0214726,True
way/415984418,,building,19.0359658,73.0209928,True
way/415984420,,building,19.0345792,73.0229262,True
way/415984421,,building,19.0364416,73.0230588,True
way/415984422,,building,19.0366524,73.0217621,True
way/415984423,,building,19.0346122,73.0221912,True
way/415984424,,building,19.0363224,73.0209611,True
way/415984427,,building,19.0350179,73.0230206,True
way/415984429,,building,19.0359845,73.0209214,True
way/415984430,,building,19.037326,73.0213974,True
way/415984432,,building,19.0367076,73.0216853,True
way/415984437,,building,19.0365746,73.0218562,True
way/415984438,,building,19.0361819,73.0209851,True
way/415984440,,building,19.0361478,73.0213881,True
way/415984443,,building,19.0365659,73.0213237,True
way/415984444,,building,19.0359175,73.0214303,True
way/415984446,,building,19.0360146,73.0210977,True
way/415984448,,building,19.0356372,73.0232391,True
way/415984449,,building,19.03657,73.0236448,True
way/415984450,,building,19.0367162,73.0213933,True
way/415984451,,building,19.0357739,73.0233616,True
way/415984453,,building,19.0365151,73.0219295,True
way/415984455,,building,19.0359293,73.0211343,True
way/415984456,,building,19.0368276,73.0212118,True
way/415984458,,building,19.0363066,73.021637,True
way/415984459,,building,19.0362814,73.0211412,True
way/415986100,,building,19.0300734,73.0215736,True
way/415986101,,building,19.0305755,73.0211352,True
way/415986105,,building,19.0302399,73.0218523,True
way/415986106,,building,19.0303348,73.0213294,True
way/415986111,,building,19.0303866,73.0217426,True
way/415986112,,building,19.030172,73.0214824,True
way/415986113,,building,19.0302945,73.021631,True
way/415986122,,building,19.0323867,73.0231703,True
way/415986129,,building,19.0301277,73.0215295,True
way/415986130,,building,19.0307737,73.0212001,True
way/415986133,,building,19.0306973,73.0210134,True
way/415986134,,building,19.0326972,73.0235377,True
way/415986136,,building,19.0299335,73.0210593,True
way/415986137,,building,19.0291543,73.0219521,True
way/415986138,,building,19.0301933,73.0217136,True
way/415986139,,building,19.0303144,73.0217959,True
way/415986140,,building,19.0300296,73.0211428,True
way/415986143,,building,19.02982,73.0209527,True
way/415986145,,building,19.0302152,73.0214365,True
way/415986149,,building,19.0306151,73.0212746,True
way/416014264,,building,19.0291179,73.0352525,True
way/416014265,,building,19.0300892,73.0385501,True
way/416014266,,building,19.0305872,73.0370597,True
way/416014268,,building,19.0293555,73.0355145,True
way/416014269,,building,19.0300907,73.0360527,True
way/416014270,,building,19.0303844,73.037888,True
way/416014271,,building,19.0292709,73.0356254,True
way/416014273,,building,19.0304879,73.0379564,True
way/416014274,,building,19.0310452,73.0378159,True
way/416014275,,building,19.0291765,73.0353838,True
way/416014276,,building,19.029567,73.0363172,True
way/416014277,,building,19.0306877,73.0380624,True
way/416014278,,building,19.0289281,73.0356509,True
way/416014279,,building,19.0303737,73.0381428,True
way/416014280,,building,19.0297412,73.0342255,True
way/416014282,,building,19.0287646,73.0356335,True
way/416014285,,building,19.0288663,73.0355158,True
way/416014287,,building,19.0299656,73.0362016,True
way/416014288,,building,19.030393,73.0380949,True
way/416014289,,building,19.0299018,73.0358336,True
way/416014290,,building,19.0299071,73.0359217,True
way/416014292,,building,19.0289673,73.0350906,True
way/416014293,,building,19.0304878,73.0371915,True
way/416014294,,building,19.0290752,73.0352793,True
way/416014295,,building,19.0302767,73.0380411,True
way/416014297,,building,19.0306919,73.0382901,True
way/416014299,,building,19.0288004,73.0355957,True
way/416014301,,building,19.0298997,73.0362758,True
way/416014302,,building,19.0303137,73.038222,True
way/416014303,,building,19.0305596,73.0373349,True
way/416014304,,building,19.0295849,73.0355968,True
way/416014306,,building,19.02889,73.0351652,True
way/416014307,,building,19.0304648,73.0377665,True
way/416014308,,building,19.0289491,73.0354264,True
way/416014309,,building,19.0294083,73.0354601,True
way/416014310,,building,19.0303404,73.0379511,True
way/416014311,,building,19.0296494,73.0365525,True
way/416014314,,building,19.0304548,73.0374699,True
way/416014315,,building,19.0297777,73.0357562,True
way/416014316,,building,19.0297911,73.036399,True
way/416014317,,building,19.0286896,73.0357069,True
way/416014318,,building,19.0308343,73.0378842,True
way/416014319,,building,19.0288155,73.0357629,True
way/416014321,,building,19.0288307,73.0352592,True
way/416014322,,building,19.029796,73.0375856,True
way/416014324,,building,19.0302896,73.0362575,True
way/416014326,,building,19.0306431,73.0372387,True
way/416014327,,building,19.0292399,73.0352917,True
way/416014328,,building,19.0309409,73.0377563,True
way/416014329,,building,19.028754,73.0358496,True
way/416014331,,building,19.0307319,73.0374973,True
way/416014332,,building,19.0289831,73.0359163,True
way/416014334,,building,19.0286593,73.0354539,True
way/416014335,,building,19.0297082,73.0356904,True
way/416014336,,building,19.0291072,73.0354513,True
way/416014337,,building,19.029772,73.0360934,True
way/416014340,,building,19.0290316,73.0355262,True
way/416014343,,building,19.0302007,73.0361774,True
way/416014344,,building,19.0309433,73.037938,True
way/416014345,,building,19.0310132,73.0376724,True
way/416014347,,building,19.0308016,73.03741,True
way/416014348,,building,19.028908,73.0360272,True
way/416014352,,building,19.0288999,73.0354729,True
way/416014353,,building,19.0291853,73.0356876,True
way/416014354,,building,19.0298041,73.0360461,True
way/416014355,,building,19.0294933,73.0364018,True
way/416014356,,building,19.0289998,73.0350493,True
way/416014358,,building,19.0308247,73.0375891,True
way/416014361,,building,19.0287228,73.0356641,True
way/416014366,,building,19.0288312,73.0355493,True
way/416014370,,building,19.0297056,73.0361664,True
way/416014372,,building,19.0290867,73.0358035,True
way/416014374,,building,19.0291477,73.0352111,True
way/416014376,,building,19.0306628,73.0381088,True
way/416014378,,building,19.0285819,73.0355391,True
way/416014381,,building,19.0305193,73.0373712,True
way/416014384,,building,19.0295464,73.035542,True
way/416014386,,building,19.0298395,73.0360024,True
way/416014391,,building,19.0300351,73.036117,True
way/416014393,,building,19.0289264,73.0351285,True
way/416014395,,building,19.030432,73.0378257,True
way/416014397,,building,19.0290452,73.035328,True
way/416014402,,building,19.0307577,73.0376708,True
way/416014407,,building,19.0303015,73.0379907,True
way/416014412,,building,19.0290113,73.0358763,True
way/416014413,,building,19.0307229,73.0380194,True
way/416014414,,building,19.0306691,73.036984,True
way/416014417,,building,19.0288621,73.0352111,True
way/416014419,,building,19.0290026,73.0353761,True
way/416014420,,building,19.0306874,73.037764,True
way/416014423,,building,19.0296021,73.0362803,True
way/416014425,,building,19.0308943,73.0378076,True
way/416014426,,building,19.0296827,73.0365106,True
way/416014428,,building,19.0306307,73.0376335,True
way/416014430,,building,19.0304589,73.0379959,True
way/416014432,,building,19.0303385,73.0374022,True
way/416014433,,building,19.0299482,73.0358922,True
way/416014434,,building,19.0295255,73.0363534,True
way/416014435,,building,19.0306908,73.0371351,True
way/416014437,,building,19.0294434,73.0345978,True
way/416014438,,building,19.0309817,73.0377202,True
way/416014439,,building,19.0296173,73.0365941,True
way/416014441,,building,19.0289545,73.0359727,True
way/416014443,,building,19.0308874,73.0374893,True
way/416014446,,building,19.0299323,73.0362374,True
way/416014447,,building,19.0307669,73.037026,True
way/416014450,,building,19.0303448,73.0381811,True
way/416014451,,building,19.0292236,73.0356537,True
way/416014452,,building,19.0293052,73.0355769,True
way/416014454,,building,19.0286932,73.0354152,True
way/416014455,,building,19.0294658,73.0354187,True
way/416014456,,building,19.0294245,73.036503,True
way/416014459,,building,19.0308653,73.0375422,True
way/416014462,,building,19.0288777,73.0357066,True
way/416014464,,building,19.0307617,73.0374525,True
way/416014466,,building,19.0297385,73.0361266,True
way/416014467,,building,19.0291394,73.0357532,True
way/416014469,,building,19.0286202,73.0354965,True
way/416014470,,building,19.0299996,73.0361652,True
way/416014474,,building,19.0302793,73.03827,True
way/416014476,,building,19.0294577,73.036443,True
way/416014480,,building,19.0307873,73.03763,True
way/416014484,,building,19.0298851,73.0359727,True
way/416014485,,building,19.0304127,73.0372998,True
way/416014486,,building,19.0286529,73.0357539,True
way/416014487,,building,19.0310643,73.0376523,True
way/416014488,,building,19.0287903,73.0358105,True
way/416014490,,building,19.029209,73.0353355,True
way/416014491,,building,19.0296718,73.0362067,True
way/416014492,,building,19.0311991,73.0376745,True
way/416014493,,building,19.0307003,73.0369377,True
way/416014494,,building,19.0296534,73.0356337,True
way/416014495,,building,19.0289626,73.0356071,True
way/416014497,,building,19.0298196,73.0363457,True
way/416014498,,building,19.029072,73.0354911,True
way/416014501,,building,19.0296421,73.0362447,True
way/416014502,,building,19.0298461,73.0358106,True
way/416014503,,building,19.030591,73.0372945,True
way/416014504,,building,19.029757,73.0364399,True
way/416014505,,building,19.0289972,73.0355672,True
way/416014506,,building,19.0290436,73.0358307,True
way/416014507,,building,19.0291381,73.0354163,True
way/416014508,,building,19.0302227,73.0377776,True
way/416014509,,building,19.0300979,73.036189,True
way/416014510,,building,19.0307187,73.0377123,True
way/416014512,,building,19.0297167,73.0364684,True
way/416014513,,building,19.0306845,73.0375677,True
way/416014514,,building,19.0290512,73.0350187,True
way/416021642,,building,19.0403109,73.0254197,True
way/416021656,,building,19.0368497,73.022425,True
way/416021668,,building,19.0372356,73.0220096,True
way/416021669,,building,19.036874,73.0221473,True
way/416021676,,building,19.0342292,73.0289676,True
way/416021733,,building,19.0372158,73.0217359,True
way/416021737,,building,19.0374199,73.0221755,True
way/416021742,,building,19.0353254,73.0284275,True
way/416021748,,building,19.037103,73.0216548,True
way/416021750,,building,19.0370843,73.0218093,True
way/416021756,,building,19.0370205,73.0220157,True
way/416021762,,building,19.0373524,73.0221094,True
way/416021768,,building,19.0369167,73.021754,True
way/416021783,,building,19.0369167,73.021912,True
way/416021791,,building,19.0347644,73.0275675,True
way/416021807,,building,19.0371648,73.0218747,True
way/416021812,,building,19.0348662,73.0276623,True
way/416021814,,building,19.0369264,73.0222014,True
way/416021844,,building,19.0366578,73.0220773,True
way/416021857,,building,19.0367961,73.0220706,True
way/416021865,,building,19.0350317,73.0278117,True
way/416021869,,building,19.0366871,73.022274,True
way/416021880,,building,19.0400826,73.0251843,True
way/416021882,Dy patil Building,building,19.0395515,73.0277978,True
way/416021888,,building,19.0399492,73.0250387,True
way/416066939,,building,19.0368225,73.0261624,True
way/416066941,,building,19.0304609,73.0266049,True
way/416066943,,building,19.0317712,73.0215495,True
way/416066947,,building,19.0382315,73.02342,True
way/416066950,,building,19.038482,73.0224724,True
way/416066954,,building,19.0324611,73.0206524,True
way/416066964,,building,19.0365898,73.0259504,True
way/416066973,,building,19.0322565,73.0220905,True
way/416066976,,building,19.0377312,73.0245314,True
way/416067013,,building,19.0319978,73.0215326,True
way/416067014,,building,19.037087,73.0241286,True
way/416087485,,building,19.0293213,73.0370717,True
way/416087489,,building,19.0295114,73.0372618,True
way/416087495,,building,19.0295763,73.0371025,True
way/416087496,,building,19.029157,73.0370799,True
way/416097134,,building,19.0302139,73.0375656,True
way/605825394,,building,19.0284338,73.0366587,True
way/754440957,,building,19.0360876,73.0231705,True
way/836069649,D-Mart Nerul,building,19.031081,73.0220048,True
way/993381595,,building,19.0341285,73.0264204,True
way/993381596,,building,19.0338668,73.0269339,True
way/1010962176,,building,19.0247985,73.0263691,True
way/1010962177,,building,19.02585,73.0249912,True
way/1010962178,,building,19.0264423,73.0247532,True
way/1010962179,,building,19.0261139,73.0249118,True
way/1010962181,,building,19.0263453,73.0276015,True
way/1010962182,,building,19.0258213,73.0272986,True
way/1010962183,,building,19.0259037,73.0273837,True
way/1010962184,,building,19.0259115,73.0264245,True
way/1010962185,,building,19.026025,73.0264452,True
way/1010962186,,building,19.025434,73.026212,True
way/1010962187,,building,19.0247258,73.0270986,True
way/1024573926,NMMC,building,19.0258586,73.0334547,True
way/1055741442,,building,19.0324747,73.0216555,True
way/1101605600,DREAM APEX REALITY 24HIGH,building,19.0390346,73.0300621,True
way/1144507149,,building,19.0245615,73.0326056,True
way/1144507150,,building,19.0249286,73.0326621,True
way/1157814655,,building,19.0329477,73.0304583,True
way/1179666604,,building,19.0301601,73.0269598,True
way/1228983899,,building,19.0256299,73.0260781,True
way/1245319602,New RTO Office,building,19.0348425,73.0270341,True
way/1287562931,,building,19.0383632,73.0224795,True
way/1299281388,,building,19.0328135,73.0261603,True
way/1299281389,,building,19.0328266,73.0259484,True
way/1392835162,,building,19.0327358,73.0369154,True
way/1451298667,,building,19.0358575,73.0282375,True
way/1451298668,,building,19.0358804,73.0273499,True
way/1451298669,,building,19.0355329,73.0305301,True
relation/5275078,,building,19.0261767,73.0318242,True
relation/5275079,,building,19.0257753,73.0328245,True
relation/5275186,,building,19.0314253,73.0276039,True
relation/5283473,,building,19.0256837,73.0288778,True
relation/5284054,,building,19.0353222,73.0222147,True
relation/5284057,,building,19.0308685,73.0234808,True
relation/5284059,,building,19.0344033,73.0213106,True
relation/5284062,,building,19.0312146,73.0233614,True
relation/5284064,,building,19.0336257,73.0238839,True
relation/5284065,,building,19.0353067,73.0210575,True
relation/5288472,,building,19.0287621,73.0363867,True
relation/5289225,,building,19.0278032,73.02211,True
